{
  "project_info": {
    "project_number": "1085948626505",
    "firebase_url": "https://kth-online-1.firebaseio.com",
    "project_id": "kth-online-1",
    "storage_bucket": "kth-online-1.appspot.com"
  },
  "client": [
    {
      "client_info": {
        "mobilesdk_app_id": "1:1085948626505:android:ba45843a434c796230a198",
        "android_client_info": {
          "package_name": "ru.kartofan.theme.app.online.chat"
        }
      },
      "oauth_client": [
        {
          "client_id": "1085948626505-l6prodhl2t2eimc5doetilio7fqb9677.apps.googleusercontent.com",
          "client_type": 1,
          "android_info": {
            "package_name": "ru.kartofan.theme.app.online.chat",
            "certificate_hash": "c9e146abe9a5e1edf1b8cb60800008463d819c8c"
          }
        },
        {
          "client_id": "1085948626505-cqfmaik6qubl6res61t3l05ep9vb56ed.apps.googleusercontent.com",
          "client_type": 3
        }
      ],
      "api_key": [
        {
          "current_key": "AIzaSyAXbrnqc2sxKR5GppjGfkDH6j6IHlGvlns"
        }
      ],
      "services": {
        "appinvite_service": {
          "other_platform_oauth_client": [
            {
              "client_id": "1085948626505-cqfmaik6qubl6res61t3l05ep9vb56ed.apps.googleusercontent.com",
              "client_type": 3
            }
          ]
        }
      }
    },
    {
      "client_info": {
        "mobilesdk_app_id": "1:1085948626505:android:ffd5a931c72bf90c30a198",
        "android_client_info": {
          "package_name": "ru.kartofan.theme.music.app"
        }
      },
      "oauth_client": [
        {
          "client_id": "1085948626505-9j2q6vdtuj6bq5ah85j07p2j15i2u0q0.apps.googleusercontent.com",
          "client_type": 1,
          "android_info": {
            "package_name": "ru.kartofan.theme.music.app",
            "certificate_hash": "b8f620fa0c2f94f9ca470a8940daa25c3186ff8d"
          }
        },
        {
          "client_id": "1085948626505-cqfmaik6qubl6res61t3l05ep9vb56ed.apps.googleusercontent.com",
          "client_type": 3
        }
      ],
      "api_key": [
        {
          "current_key": "AIzaSyAXbrnqc2sxKR5GppjGfkDH6j6IHlGvlns"
        }
      ],
      "services": {
        "appinvite_service": {
          "other_platform_oauth_client": [
            {
              "client_id": "1085948626505-cqfmaik6qubl6res61t3l05ep9vb56ed.apps.googleusercontent.com",
              "client_type": 3
            }
          ]
        }
      }
    },
    {
      "client_info": {
        "mobilesdk_app_id": "1:1085948626505:android:8c068b89da75fb1730a198",
        "android_client_info": {
          "package_name": "ru.kartofan.theme.offline.generator"
        }
      },
      "oauth_client": [
        {
          "client_id": "1085948626505-cqfmaik6qubl6res61t3l05ep9vb56ed.apps.googleusercontent.com",
          "client_type": 3
        }
      ],
      "api_key": [
        {
          "current_key": "AIzaSyAXbrnqc2sxKR5GppjGfkDH6j6IHlGvlns"
        }
      ],
      "services": {
        "appinvite_service": {
          "other_platform_oauth_client": [
            {
              "client_id": "1085948626505-cqfmaik6qubl6res61t3l05ep9vb56ed.apps.googleusercontent.com",
              "client_type": 3
            }
          ]
        }
      }
    }
  ],
  "configuration_version": "1"
}